{
  "Box 4x4x4": 0.288,
  "Box 6x6x4": 0.42,
  "Box 6x6x6": 0.468,
  "Box 9x6x3": 0.516,
  "Box 10x6x4": 0.612,
  "Box 10x8x6": 0.72,
  "Box 10x8x8": 0.756,
  "Box 12x8x6": 0.72,
  "Box 12x9x3": 0.792,
  "Box 12x12x4": 0.972,
  "Box 12x12x6": 0.996,
  "Box 12x12x10": 1.2,
  "Box 12x12x12": 1.128,
  "Box 16x12x12": 1.512,
  "Box 18x12x12": 1.572,
  "Box 16x16x16": 2.208,
  "Box 18x18x16": 2.568,
  "Box 22x18x16": 4.32,
  "Box 24x18x12": 2.88,
  "Box 22x22x22": 4.2,
  "Box 24x24x16": 5.976,
  "Box 24x24x24": 5.136,
  "Poly Mailer 19x24": 0.2328,
  "Poly Mailer 14.5x19": 0.155892,
  "Poly Mailer 14,5x19": 0.155892,
  "Poly Mailer 12x15.5": 0.102372,
  "Poly Mailer 12x15,5": 0.102372,
  "Poly Mailer 10x13": 0.073632,
  "Poly Mailer 9x12": 0.070812,
  "Poly Mailer 6x9": 0.041232,
  "Bubble Mailer 10x13": 0.384,
  "Bubble Mailer (DVD) 7.5x10": 0.21732,
  "Bubble Mailer (DVD) 7,5x10": 0.21732,
  "Bubble Mailer (Kraft) 8x4": 0.097884
}
